id;type;trans_key;old_value;new_value;entry_id
1;Implementation AI Stand-alone;overriding 24/365;firewall;program Bike Adaptive;1
2;Books;Markets;Mountains methodical;Roads Bahamas payment;2
3;heuristic;leading-edge deposit;Music engage Shirt;Norwegian;3
4;Optional Berkshire;extend open-source throughput;Jewelery Plastic;sexy Consultant;4
5;Cambridgeshire;Borders;leverage;Frozen markets Chair;5
6;Extended moratorium;orange Corporate Forward;up override;SSL networks Automotive;6
7;ROI teal best-of-breed;connect;Dynamic Unbranded;synergy SSL;7
8;Investor;Auto;Health;Gorgeous Grocery;8
9;primary incentivize value-added;teal;Granite Lodge throughput;Analyst Licensed Pizza;9
10;Checking;CSS;Handmade Facilitator;Brandenburg Investment;10
